sample_id,solution_rank,phase_rank,predicted_database,predicted_database_id,predicted_cif_path,predicted_cif_sha256
XRDV3_0046,1,1,COD,1010328,fig4/benchmark/results/atomly_core_v3/crystaltree_cod_frontend/selected_cifs/XRDV3_0046/solution1_phase1_COD_1010328.cif,db68fcdfab4b6cc213bdce110d00510c08448c5de3bdb9b1c3ff5c95678879c7
XRDV3_0046,1,2,COD,9011672,fig4/benchmark/results/atomly_core_v3/crystaltree_cod_frontend/selected_cifs/XRDV3_0046/solution1_phase2_COD_9011672.cif,d6468cb60c5d8e3b125911a89dea599d6739b9d31be47081713d18df8a75f687
XRDV3_0046,1,3,COD,9013045,fig4/benchmark/results/atomly_core_v3/crystaltree_cod_frontend/selected_cifs/XRDV3_0046/solution1_phase3_COD_9013045.cif,9cf85dd3d4db3b1f3f2c915777b9780d7f600e6d70d631513a849f9c7cbe20c5
XRDV3_0054,1,1,COD,1011031,fig4/benchmark/results/atomly_core_v3/crystaltree_cod_frontend/selected_cifs/XRDV3_0054/solution1_phase1_COD_1011031.cif,26fde2830de8b5f0a753f145028fdf7b4f227e42938e86f1f0cd5d033f396f2c
XRDV3_0054,1,2,COD,9012919,fig4/benchmark/results/atomly_core_v3/crystaltree_cod_frontend/selected_cifs/XRDV3_0054/solution1_phase2_COD_9012919.cif,0c49fa5457d49d64ca8cc93b9dc8783de80bb6fbc9fdc9b15e710c728f226e09
XRDV3_0054,1,3,COD,1570664,fig4/benchmark/results/atomly_core_v3/crystaltree_cod_frontend/selected_cifs/XRDV3_0054/solution1_phase3_COD_1570664.cif,2df8ea70d9a62424fb125c9018e8e006f0db93593ec6be32e3eb18e54398bc20
XRDV3_0100,1,1,COD,2020155,fig4/benchmark/results/atomly_core_v3/crystaltree_cod_frontend/selected_cifs/XRDV3_0100/solution1_phase1_COD_2020155.cif,8f4232d49228753448775418f961ab963ed9e8aa3359670fad8b3e210fb927cb
XRDV3_0100,1,2,COD,1547370,fig4/benchmark/results/atomly_core_v3/crystaltree_cod_frontend/selected_cifs/XRDV3_0100/solution1_phase2_COD_1547370.cif,e944636a761c3eb206359aef5772877950f17af7bbb9335ab59b10cd6c952943
XRDV3_0100,1,3,COD,9010928,fig4/benchmark/results/atomly_core_v3/crystaltree_cod_frontend/selected_cifs/XRDV3_0100/solution1_phase3_COD_9010928.cif,4a40cc7240cf38bd397cc466ac396b1b69648899205aa9a49bc9048ce78718b6
XRDV3_0001,1,1,COD,1534609,fig4/benchmark/results/atomly_core_v3/crystaltree_cod_frontend/selected_cifs/XRDV3_0001/solution1_phase1_COD_1534609.cif,dbed4cee83e30a0f779e11a844bb70fdbf6c59b2960f0ed6cc3a365dabcc6182
XRDV3_0001,1,2,COD,1010131,fig4/benchmark/results/atomly_core_v3/crystaltree_cod_frontend/selected_cifs/XRDV3_0001/solution1_phase2_COD_1010131.cif,12681b6fbebc974818d12e8402fb5c3f82b290422902b7b7f23748bf22512aaf
XRDV3_0002,1,1,COD,1541154,fig4/benchmark/results/atomly_core_v3/crystaltree_cod_frontend/selected_cifs/XRDV3_0002/solution1_phase1_COD_1541154.cif,8045aa8d013b2ad32203cc03fba82704121e78b7757f68a385072668f0b53dcc
XRDV3_0002,1,2,COD,9012434,fig4/benchmark/results/atomly_core_v3/crystaltree_cod_frontend/selected_cifs/XRDV3_0002/solution1_phase2_COD_9012434.cif,602987ced8c624966e9b14cf529396b3500fb74f24e261d9727cda8a63a620de
XRDV3_0002,1,3,COD,9001963,fig4/benchmark/results/atomly_core_v3/crystaltree_cod_frontend/selected_cifs/XRDV3_0002/solution1_phase3_COD_9001963.cif,f8eb52418f50037e73199ebf7bb081a89bf069561cbbc128ade087680b62705a
XRDV3_0003,1,1,COD,9000971,fig4/benchmark/results/atomly_core_v3/crystaltree_cod_frontend/selected_cifs/XRDV3_0003/solution1_phase1_COD_9000971.cif,bc28bd75bb64b6b132f46ff2d7320f88f9d514e39f8f198312db86aad0e4142d
XRDV3_0003,1,2,COD,1547370,fig4/benchmark/results/atomly_core_v3/crystaltree_cod_frontend/selected_cifs/XRDV3_0003/solution1_phase2_COD_1547370.cif,e944636a761c3eb206359aef5772877950f17af7bbb9335ab59b10cd6c952943
XRDV3_0004,1,1,COD,2300449,fig4/benchmark/results/atomly_core_v3/crystaltree_cod_frontend/selected_cifs/XRDV3_0004/solution1_phase1_COD_2300449.cif,83b91c235f4aac593a2d939f40099cdc8614c11d1cd76425de7f4412925259c4
XRDV3_0004,1,2,COD,9012471,fig4/benchmark/results/atomly_core_v3/crystaltree_cod_frontend/selected_cifs/XRDV3_0004/solution1_phase2_COD_9012471.cif,ace4ee2452aea0ef53c824ebc5832bbbd7590bd1f7f80ddb13b6a66986899923
XRDV3_0005,1,1,COD,9011000,fig4/benchmark/results/atomly_core_v3/crystaltree_cod_frontend/selected_cifs/XRDV3_0005/solution1_phase1_COD_9011000.cif,b9a5e4e562ecc6183f176e1355ea5a6147d52cf0f0d2b9dc946fa5a2d269b330
XRDV3_0006,1,1,COD,9013102,fig4/benchmark/results/atomly_core_v3/crystaltree_cod_frontend/selected_cifs/XRDV3_0006/solution1_phase1_COD_9013102.cif,bbc351b47f5ff6cf487f7ff82a938607f383f5a335be10a515593b12dbd7be7d
XRDV3_0007,1,1,COD,9001377,fig4/benchmark/results/atomly_core_v3/crystaltree_cod_frontend/selected_cifs/XRDV3_0007/solution1_phase1_COD_9001377.cif,d541d9c3ec58e2e111286349fab9d86fd6631d9b2c763d6a558b018279c9cea7
XRDV3_0007,1,2,COD,9001375,fig4/benchmark/results/atomly_core_v3/crystaltree_cod_frontend/selected_cifs/XRDV3_0007/solution1_phase2_COD_9001375.cif,b5421993b279297df5bc7b21b70b00d469db05332fb609c335f30e91eab915a3
XRDV3_0008,1,1,COD,9013410,fig4/benchmark/results/atomly_core_v3/crystaltree_cod_frontend/selected_cifs/XRDV3_0008/solution1_phase1_COD_9013410.cif,b8e895bdc00085030a8bc11765dda83e6b72f3d7a6bf6bf7ae114ef54c7effac
XRDV3_0008,1,2,COD,1570656,fig4/benchmark/results/atomly_core_v3/crystaltree_cod_frontend/selected_cifs/XRDV3_0008/solution1_phase2_COD_1570656.cif,9fd1d229e159082fcd383081dcedb5e838489a80b542c644856002904c4f8a24
XRDV3_0009,1,1,COD,1550394,fig4/benchmark/results/atomly_core_v3/crystaltree_cod_frontend/selected_cifs/XRDV3_0009/solution1_phase1_COD_1550394.cif,c11d2d52faa0914cf428b2eada3aaad51930497e38c8ccb57e63cb0196af4dd0
XRDV3_0010,1,1,COD,9004881,fig4/benchmark/results/atomly_core_v3/crystaltree_cod_frontend/selected_cifs/XRDV3_0010/solution1_phase1_COD_9004881.cif,fde1d1b35a087d93d3666311d13f75bc11c9492fdb91272cbaca891cc7e36d09
XRDV3_0010,1,2,COD,9015172,fig4/benchmark/results/atomly_core_v3/crystaltree_cod_frontend/selected_cifs/XRDV3_0010/solution1_phase2_COD_9015172.cif,f4939d77626a2660b8a2343fd00089d2091b81105108e43ef9299d6791e76d6a
XRDV3_0011,1,1,COD,9012057,fig4/benchmark/results/atomly_core_v3/crystaltree_cod_frontend/selected_cifs/XRDV3_0011/solution1_phase1_COD_9012057.cif,c275d81283eae1f141369cd77f0ab1bac68f29b65643d31267cc362600e0d904
XRDV3_0011,1,2,COD,1001238,fig4/benchmark/results/atomly_core_v3/crystaltree_cod_frontend/selected_cifs/XRDV3_0011/solution1_phase2_COD_1001238.cif,63239c31471a3b6b75aef8489ff1777734c33ce99ccc8c01abef13da9b9e746f
XRDV3_0011,1,3,COD,9013102,fig4/benchmark/results/atomly_core_v3/crystaltree_cod_frontend/selected_cifs/XRDV3_0011/solution1_phase3_COD_9013102.cif,bbc351b47f5ff6cf487f7ff82a938607f383f5a335be10a515593b12dbd7be7d
XRDV3_0012,1,1,COD,1010941,fig4/benchmark/results/atomly_core_v3/crystaltree_cod_frontend/selected_cifs/XRDV3_0012/solution1_phase1_COD_1010941.cif,49322ea91584900103b141ebf44939c9d0f217bb5c71dbb798b7a2c62bf968c8
XRDV3_0012,1,2,COD,1510502,fig4/benchmark/results/atomly_core_v3/crystaltree_cod_frontend/selected_cifs/XRDV3_0012/solution1_phase2_COD_1510502.cif,45e67844aa323f870c7457171cfa1c482efdf10fa7cf3037e584428b005d0580
XRDV3_0012,1,3,COD,5910053,fig4/benchmark/results/atomly_core_v3/crystaltree_cod_frontend/selected_cifs/XRDV3_0012/solution1_phase3_COD_5910053.cif,0ed4a56f65c61212b1ca661f2032e83ea4dace9420c695565724187a7c332311
XRDV3_0013,1,1,COD,2103618,fig4/benchmark/results/atomly_core_v3/crystaltree_cod_frontend/selected_cifs/XRDV3_0013/solution1_phase1_COD_2103618.cif,abe43850b6b631398906cddc40dc566b80e5b44348e7946e68f66d4b2f2330c7
XRDV3_0013,1,2,COD,2310803,fig4/benchmark/results/atomly_core_v3/crystaltree_cod_frontend/selected_cifs/XRDV3_0013/solution1_phase2_COD_2310803.cif,6812e6c6ffea8a66db1d835b929d647d4037494449867acad3087f478b40ddfb
XRDV3_0014,1,1,COD,9012106,fig4/benchmark/results/atomly_core_v3/crystaltree_cod_frontend/selected_cifs/XRDV3_0014/solution1_phase1_COD_9012106.cif,4c0f0be7546fa739439c855923c66886eca4c72f034d39519b95a537adcb53b4
XRDV3_0014,1,2,COD,2300449,fig4/benchmark/results/atomly_core_v3/crystaltree_cod_frontend/selected_cifs/XRDV3_0014/solution1_phase2_COD_2300449.cif,83b91c235f4aac593a2d939f40099cdc8614c11d1cd76425de7f4412925259c4
XRDV3_0014,1,3,COD,2310384,fig4/benchmark/results/atomly_core_v3/crystaltree_cod_frontend/selected_cifs/XRDV3_0014/solution1_phase3_COD_2310384.cif,8d1eb94246f596db92a6c8bde0653768718d826b25044577235ba05743f0a1f2
XRDV3_0015,1,1,COD,5900024,fig4/benchmark/results/atomly_core_v3/crystaltree_cod_frontend/selected_cifs/XRDV3_0015/solution1_phase1_COD_5900024.cif,34f7be88cb8a8726571f794a01dbfaa7ebd2a829f131b0660192a74ae82e99b2
XRDV3_0015,1,2,COD,4124791,fig4/benchmark/results/atomly_core_v3/crystaltree_cod_frontend/selected_cifs/XRDV3_0015/solution1_phase2_COD_4124791.cif,fce94a53e2bb507850199ede813b181619d9c34a1db9524f3c10b86d17352700
XRDV3_0015,1,3,COD,9011007,fig4/benchmark/results/atomly_core_v3/crystaltree_cod_frontend/selected_cifs/XRDV3_0015/solution1_phase3_COD_9011007.cif,cd737570060b72ee45ff0b8f3c56a2325f7630daafeae1e64cbbf74098ea6a03
XRDV3_0016,1,1,COD,1537307,fig4/benchmark/results/atomly_core_v3/crystaltree_cod_frontend/selected_cifs/XRDV3_0016/solution1_phase1_COD_1537307.cif,605637c3c3cfa92b19a4beb5e64f841d20931d9858cf00cbb92fd87bdc0dc8f2
XRDV3_0016,1,2,COD,1570657,fig4/benchmark/results/atomly_core_v3/crystaltree_cod_frontend/selected_cifs/XRDV3_0016/solution1_phase2_COD_1570657.cif,844d62c72ea00dba0e7aad60ad9665001c066a3f15b7ac500133bc151a4e84df
XRDV3_0016,1,3,COD,9012729,fig4/benchmark/results/atomly_core_v3/crystaltree_cod_frontend/selected_cifs/XRDV3_0016/solution1_phase3_COD_9012729.cif,85d29aeeebc4bc339928629baf4b11b504df08f718d367f159b16a9e6b711bda
XRDV3_0017,1,1,COD,9008517,fig4/benchmark/results/atomly_core_v3/crystaltree_cod_frontend/selected_cifs/XRDV3_0017/solution1_phase1_COD_9008517.cif,d8e66bcc4590c255151606877c7fbb8cf5ff0c53e80be813e130b8001ceeab13
XRDV3_0018,1,1,COD,9012955,fig4/benchmark/results/atomly_core_v3/crystaltree_cod_frontend/selected_cifs/XRDV3_0018/solution1_phase1_COD_9012955.cif,ba2ab5a0c235a661c63601f2a5c5b6367267e3b900f656e802ea8588ed13a9b2
XRDV3_0018,1,2,COD,9013024,fig4/benchmark/results/atomly_core_v3/crystaltree_cod_frontend/selected_cifs/XRDV3_0018/solution1_phase2_COD_9013024.cif,0875e0cd7e20e20431af9cf40af5110ebfed4bbb87cbfbad2362719c79543f49
XRDV3_0018,1,3,COD,9008802,fig4/benchmark/results/atomly_core_v3/crystaltree_cod_frontend/selected_cifs/XRDV3_0018/solution1_phase3_COD_9008802.cif,2eb47ce9053437468306805a37494670799584aaca4ae195367ab6cf29989b97
XRDV3_0019,1,1,COD,1010514,fig4/benchmark/results/atomly_core_v3/crystaltree_cod_frontend/selected_cifs/XRDV3_0019/solution1_phase1_COD_1010514.cif,49e37a7332e647f91eeacf2359b26304549837dc5e4b95647e5a44c21ea37a43
XRDV3_0020,1,1,COD,1100033,fig4/benchmark/results/atomly_core_v3/crystaltree_cod_frontend/selected_cifs/XRDV3_0020/solution1_phase1_COD_1100033.cif,967853938215b468300f3ae65d998e617a0f2fe1fb5de7aa38b7d4637682d48f
XRDV3_0020,1,2,COD,1511345,fig4/benchmark/results/atomly_core_v3/crystaltree_cod_frontend/selected_cifs/XRDV3_0020/solution1_phase2_COD_1511345.cif,56d7732843c60dbfbb129a5cf166c3c400f8c75e9f51abd9ed859276e15f3151
XRDV3_0020,1,3,COD,1100032,fig4/benchmark/results/atomly_core_v3/crystaltree_cod_frontend/selected_cifs/XRDV3_0020/solution1_phase3_COD_1100032.cif,088194d3a9d9e90e9beab2e1b5fc3606e5d68ea06266d2c5d187580ba052bfe9
XRDV3_0021,1,1,COD,9008517,fig4/benchmark/results/atomly_core_v3/crystaltree_cod_frontend/selected_cifs/XRDV3_0021/solution1_phase1_COD_9008517.cif,d8e66bcc4590c255151606877c7fbb8cf5ff0c53e80be813e130b8001ceeab13
XRDV3_0022,1,1,COD,9011420,fig4/benchmark/results/atomly_core_v3/crystaltree_cod_frontend/selected_cifs/XRDV3_0022/solution1_phase1_COD_9011420.cif,391d98e802a87c209620826b2a4b40bf73143ffc947122df6e2d26a88569a306
XRDV3_0022,1,2,COD,1508503,fig4/benchmark/results/atomly_core_v3/crystaltree_cod_frontend/selected_cifs/XRDV3_0022/solution1_phase2_COD_1508503.cif,5f6c33eb1c1c3c54007b507423a762941a5a9870798e1fd11ac4e68102631e0b
XRDV3_0022,1,3,COD,1523071,fig4/benchmark/results/atomly_core_v3/crystaltree_cod_frontend/selected_cifs/XRDV3_0022/solution1_phase3_COD_1523071.cif,1ca568226e25cd277184889010b94b058c0227dad8134e1ab9fa94c6f0ecb499
XRDV3_0023,1,1,COD,4123971,fig4/benchmark/results/atomly_core_v3/crystaltree_cod_frontend/selected_cifs/XRDV3_0023/solution1_phase1_COD_4123971.cif,7d685fe63fa9a5155b1fdf677d5354031b25545c3fbacb77c3e52e5ff646128e
XRDV3_0023,1,2,COD,4330791,fig4/benchmark/results/atomly_core_v3/crystaltree_cod_frontend/selected_cifs/XRDV3_0023/solution1_phase2_COD_4330791.cif,8963338308d15db6dccb99012b5ed3c9d9d0471ea36c283c3001c902e1aac736
XRDV3_0023,1,3,COD,1522090,fig4/benchmark/results/atomly_core_v3/crystaltree_cod_frontend/selected_cifs/XRDV3_0023/solution1_phase3_COD_1522090.cif,dbd731f2f21b57361d8b97b84d2f8b282646540a91fc017f23c7526827cfbd3e
XRDV3_0024,1,1,COD,9003221,fig4/benchmark/results/atomly_core_v3/crystaltree_cod_frontend/selected_cifs/XRDV3_0024/solution1_phase1_COD_9003221.cif,96e2bfef48e4454bba208438596dec67390c81eb4d2eb3a8fc0d5dd9f7cfc5a2
XRDV3_0024,1,2,COD,9011984,fig4/benchmark/results/atomly_core_v3/crystaltree_cod_frontend/selected_cifs/XRDV3_0024/solution1_phase2_COD_9011984.cif,2ff0a7ef2b636c9811a18e7e619198fb00c48ea4cc9199ca383b1b34596670f3
XRDV3_0025,1,1,COD,9011120,fig4/benchmark/results/atomly_core_v3/crystaltree_cod_frontend/selected_cifs/XRDV3_0025/solution1_phase1_COD_9011120.cif,16cc3a01d2640e92102bb760fcd9c927b315a5ce451371be537238c0a4290779
XRDV3_0025,1,2,COD,9009652,fig4/benchmark/results/atomly_core_v3/crystaltree_cod_frontend/selected_cifs/XRDV3_0025/solution1_phase2_COD_9009652.cif,e70f5f906cd6ecb8d1e0474b00d65d43c1d51836b1d7df255d8f7ecf9c398505
XRDV3_0026,1,1,COD,9008802,fig4/benchmark/results/atomly_core_v3/crystaltree_cod_frontend/selected_cifs/XRDV3_0026/solution1_phase1_COD_9008802.cif,2eb47ce9053437468306805a37494670799584aaca4ae195367ab6cf29989b97
XRDV3_0026,1,2,COD,9017775,fig4/benchmark/results/atomly_core_v3/crystaltree_cod_frontend/selected_cifs/XRDV3_0026/solution1_phase2_COD_9017775.cif,8a47b1004083612834053d499acbb8acbd46bfb7fe5f179e238e2a5194cecb29
XRDV3_0027,1,1,COD,2102244,fig4/benchmark/results/atomly_core_v3/crystaltree_cod_frontend/selected_cifs/XRDV3_0027/solution1_phase1_COD_2102244.cif,015e94bd657e199e85cab00b53eb4d36679ca22972e03e0cbf14decd3f687b05
XRDV3_0028,1,1,COD,2002799,fig4/benchmark/results/atomly_core_v3/crystaltree_cod_frontend/selected_cifs/XRDV3_0028/solution1_phase1_COD_2002799.cif,09dda9af66da159f96a4fd647a225614ea00e4d38aaf64888f01630881d5fdd1
XRDV3_0029,1,1,COD,9014505,fig4/benchmark/results/atomly_core_v3/crystaltree_cod_frontend/selected_cifs/XRDV3_0029/solution1_phase1_COD_9014505.cif,c65051c62a69d3e46853d09d0b2bbabbf791e8fb406ced907a2813d6df79c335
XRDV3_0029,1,2,COD,9006172,fig4/benchmark/results/atomly_core_v3/crystaltree_cod_frontend/selected_cifs/XRDV3_0029/solution1_phase2_COD_9006172.cif,f57bab5cafa557dc600a09c23c86fcf930cd9780b09a8bf0b306d64d29c3f044
XRDV3_0030,1,1,COD,1527921,fig4/benchmark/results/atomly_core_v3/crystaltree_cod_frontend/selected_cifs/XRDV3_0030/solution1_phase1_COD_1527921.cif,b95f3c92ed459be65da979276a5b48a1b876b8f413b4d7c13b67f98eacdcb42f
XRDV3_0030,1,2,COD,1521321,fig4/benchmark/results/atomly_core_v3/crystaltree_cod_frontend/selected_cifs/XRDV3_0030/solution1_phase2_COD_1521321.cif,8a2bb9e1ee1494845cc64f3c806073e7266bd108200bd67809e2bb214cf6b254
XRDV3_0031,1,1,COD,9008857,fig4/benchmark/results/atomly_core_v3/crystaltree_cod_frontend/selected_cifs/XRDV3_0031/solution1_phase1_COD_9008857.cif,12034d4b3b461cdc07adf42cdf6f4adf91900588e91c3bb0c50164168ef071d8
XRDV3_0032,1,1,COD,9006172,fig4/benchmark/results/atomly_core_v3/crystaltree_cod_frontend/selected_cifs/XRDV3_0032/solution1_phase1_COD_9006172.cif,f57bab5cafa557dc600a09c23c86fcf930cd9780b09a8bf0b306d64d29c3f044
XRDV3_0032,1,2,COD,9005222,fig4/benchmark/results/atomly_core_v3/crystaltree_cod_frontend/selected_cifs/XRDV3_0032/solution1_phase2_COD_9005222.cif,20781d63c65edd1d17d91dca6fb25b31abeb0195cdff815de058cd5f6cf22751
XRDV3_0032,1,3,COD,9013281,fig4/benchmark/results/atomly_core_v3/crystaltree_cod_frontend/selected_cifs/XRDV3_0032/solution1_phase3_COD_9013281.cif,02e060a6d862fc3a131fec09c55a12446d21e1e4005de76e952cd28785136922
XRDV3_0033,1,1,COD,1521190,fig4/benchmark/results/atomly_core_v3/crystaltree_cod_frontend/selected_cifs/XRDV3_0033/solution1_phase1_COD_1521190.cif,d441288193751b2c1ca0ca1646270a1f4d8961b010c31792b38f3526f9bace37
XRDV3_0033,1,2,COD,9004178,fig4/benchmark/results/atomly_core_v3/crystaltree_cod_frontend/selected_cifs/XRDV3_0033/solution1_phase2_COD_9004178.cif,9ef06c8cd6c0fa8d6ac1b47cce9d32976bbdcf477094b52127839e576abbc49f
XRDV3_0033,1,3,COD,9008503,fig4/benchmark/results/atomly_core_v3/crystaltree_cod_frontend/selected_cifs/XRDV3_0033/solution1_phase3_COD_9008503.cif,8a986135d62c31546212ba9f899372587357d888ecaf1fc1f9fbfd9f65f6ad61
XRDV3_0034,1,1,COD,1550398,fig4/benchmark/results/atomly_core_v3/crystaltree_cod_frontend/selected_cifs/XRDV3_0034/solution1_phase1_COD_1550398.cif,a3cf74e50714e85b9a0db787091362b0d40214aa285effefc0f861f4fd33f977
XRDV3_0034,1,2,COD,1531051,fig4/benchmark/results/atomly_core_v3/crystaltree_cod_frontend/selected_cifs/XRDV3_0034/solution1_phase2_COD_1531051.cif,00ceb8884de368b197e1b555c4a516428c801a88c9afab0835aea6f438d1f70c
XRDV3_0035,1,1,COD,2002247,fig4/benchmark/results/atomly_core_v3/crystaltree_cod_frontend/selected_cifs/XRDV3_0035/solution1_phase1_COD_2002247.cif,4b8768ca07587d21c4555f9c6c5f3dcca34b8e6089ef3b25930e322c74f5901d
XRDV3_0035,1,2,COD,1539911,fig4/benchmark/results/atomly_core_v3/crystaltree_cod_frontend/selected_cifs/XRDV3_0035/solution1_phase2_COD_1539911.cif,0cb11b52254d1b8f5a89730398e96a32c5e5aa4d611ca60cb118b18d432f13c6
XRDV3_0035,1,3,COD,7221339,fig4/benchmark/results/atomly_core_v3/crystaltree_cod_frontend/selected_cifs/XRDV3_0035/solution1_phase3_COD_7221339.cif,d8b3e3916dd47dfb0cbf153da26f1e73716c0cbb68a6d3d319fc70abd50e5158
XRDV3_0036,1,1,COD,9013102,fig4/benchmark/results/atomly_core_v3/crystaltree_cod_frontend/selected_cifs/XRDV3_0036/solution1_phase1_COD_9013102.cif,bbc351b47f5ff6cf487f7ff82a938607f383f5a335be10a515593b12dbd7be7d
XRDV3_0037,1,1,COD,1010941,fig4/benchmark/results/atomly_core_v3/crystaltree_cod_frontend/selected_cifs/XRDV3_0037/solution1_phase1_COD_1010941.cif,49322ea91584900103b141ebf44939c9d0f217bb5c71dbb798b7a2c62bf968c8
XRDV3_0037,1,2,COD,9013014,fig4/benchmark/results/atomly_core_v3/crystaltree_cod_frontend/selected_cifs/XRDV3_0037/solution1_phase2_COD_9013014.cif,7cb00a7a2f4f6dd688afa805bf55b894acc97a616f364c34d66a003eeff926f5
XRDV3_0037,1,3,COD,5000216,fig4/benchmark/results/atomly_core_v3/crystaltree_cod_frontend/selected_cifs/XRDV3_0037/solution1_phase3_COD_5000216.cif,35ec78b8170275236a9084b3dc5e74326db1666606c680e2f0910839224f4e4b
XRDV3_0038,1,1,COD,5000085,fig4/benchmark/results/atomly_core_v3/crystaltree_cod_frontend/selected_cifs/XRDV3_0038/solution1_phase1_COD_5000085.cif,923210d84f7b898bbb298cc40b4d076ac251430ecd292003236509d113b7ffa7
XRDV3_0039,1,1,COD,1521459,fig4/benchmark/results/atomly_core_v3/crystaltree_cod_frontend/selected_cifs/XRDV3_0039/solution1_phase1_COD_1521459.cif,236a50c1d220b30ec8e6b924cc9bd5440ce4f42a11d914ea5443b012dc7656d2
XRDV3_0039,1,2,COD,9008491,fig4/benchmark/results/atomly_core_v3/crystaltree_cod_frontend/selected_cifs/XRDV3_0039/solution1_phase2_COD_9008491.cif,ba4b2430b5e439e006804a1a4ebb5472ba00cabdc4d64b7239db040d437d569a
XRDV3_0039,1,3,COD,9012729,fig4/benchmark/results/atomly_core_v3/crystaltree_cod_frontend/selected_cifs/XRDV3_0039/solution1_phase3_COD_9012729.cif,85d29aeeebc4bc339928629baf4b11b504df08f718d367f159b16a9e6b711bda
XRDV3_0040,1,1,COD,9008802,fig4/benchmark/results/atomly_core_v3/crystaltree_cod_frontend/selected_cifs/XRDV3_0040/solution1_phase1_COD_9008802.cif,2eb47ce9053437468306805a37494670799584aaca4ae195367ab6cf29989b97
XRDV3_0040,1,2,COD,9012955,fig4/benchmark/results/atomly_core_v3/crystaltree_cod_frontend/selected_cifs/XRDV3_0040/solution1_phase2_COD_9012955.cif,ba2ab5a0c235a661c63601f2a5c5b6367267e3b900f656e802ea8588ed13a9b2
XRDV3_0041,1,1,COD,1508503,fig4/benchmark/results/atomly_core_v3/crystaltree_cod_frontend/selected_cifs/XRDV3_0041/solution1_phase1_COD_1508503.cif,5f6c33eb1c1c3c54007b507423a762941a5a9870798e1fd11ac4e68102631e0b
XRDV3_0042,1,1,COD,5910053,fig4/benchmark/results/atomly_core_v3/crystaltree_cod_frontend/selected_cifs/XRDV3_0042/solution1_phase1_COD_5910053.cif,0ed4a56f65c61212b1ca661f2032e83ea4dace9420c695565724187a7c332311
XRDV3_0043,1,1,COD,9012471,fig4/benchmark/results/atomly_core_v3/crystaltree_cod_frontend/selected_cifs/XRDV3_0043/solution1_phase1_COD_9012471.cif,ace4ee2452aea0ef53c824ebc5832bbbd7590bd1f7f80ddb13b6a66986899923
XRDV3_0043,1,2,COD,1010328,fig4/benchmark/results/atomly_core_v3/crystaltree_cod_frontend/selected_cifs/XRDV3_0043/solution1_phase2_COD_1010328.cif,db68fcdfab4b6cc213bdce110d00510c08448c5de3bdb9b1c3ff5c95678879c7
XRDV3_0043,1,3,COD,1527921,fig4/benchmark/results/atomly_core_v3/crystaltree_cod_frontend/selected_cifs/XRDV3_0043/solution1_phase3_COD_1527921.cif,b95f3c92ed459be65da979276a5b48a1b876b8f413b4d7c13b67f98eacdcb42f
XRDV3_0044,1,1,COD,1547370,fig4/benchmark/results/atomly_core_v3/crystaltree_cod_frontend/selected_cifs/XRDV3_0044/solution1_phase1_COD_1547370.cif,e944636a761c3eb206359aef5772877950f17af7bbb9335ab59b10cd6c952943
XRDV3_0044,1,2,COD,1547376,fig4/benchmark/results/atomly_core_v3/crystaltree_cod_frontend/selected_cifs/XRDV3_0044/solution1_phase2_COD_1547376.cif,0e342f27dd1dcbfeb715ed5bc601f1b116b7a88c81a2587a254941449ae53da5
XRDV3_0044,1,3,COD,1570673,fig4/benchmark/results/atomly_core_v3/crystaltree_cod_frontend/selected_cifs/XRDV3_0044/solution1_phase3_COD_1570673.cif,0c132064ffe02177b65eb768ec84c35ce38e1bb62ccc2c11ffe369dc06a4c29f
XRDV3_0045,1,1,COD,1010990,fig4/benchmark/results/atomly_core_v3/crystaltree_cod_frontend/selected_cifs/XRDV3_0045/solution1_phase1_COD_1010990.cif,2641e67fa57d0d8a4f194ec21a6d2eedc552b177d61ccbcf14f7df977871ace5
XRDV3_0047,1,1,COD,4113919,fig4/benchmark/results/atomly_core_v3/crystaltree_cod_frontend/selected_cifs/XRDV3_0047/solution1_phase1_COD_4113919.cif,38aadab22b86574765003548f9dd43a2b1c716b649d325d96c40164a8acce535
XRDV3_0047,1,2,COD,2002891,fig4/benchmark/results/atomly_core_v3/crystaltree_cod_frontend/selected_cifs/XRDV3_0047/solution1_phase2_COD_2002891.cif,10dfd140b8a6fe64961a834e174273fd61813c7f7731565f8f387fc661464884
XRDV3_0047,1,3,COD,2106083,fig4/benchmark/results/atomly_core_v3/crystaltree_cod_frontend/selected_cifs/XRDV3_0047/solution1_phase3_COD_2106083.cif,b144b43f6da8b74bf1696badc2bf731a2e8afaf1c2c3875b193d4e46ac6b617e
XRDV3_0048,1,1,COD,2300612,fig4/benchmark/results/atomly_core_v3/crystaltree_cod_frontend/selected_cifs/XRDV3_0048/solution1_phase1_COD_2300612.cif,e07b0144d58fa957a496e923261508935a80d3530edd7a62c9630c133cb9a83b
XRDV3_0048,1,2,COD,2310342,fig4/benchmark/results/atomly_core_v3/crystaltree_cod_frontend/selected_cifs/XRDV3_0048/solution1_phase2_COD_2310342.cif,df93d0ef5aff31ed0b2712adf50dcbb31b6f27b49a121a20c71e2ff02d14da12
XRDV3_0049,1,1,COD,1011361,fig4/benchmark/results/atomly_core_v3/crystaltree_cod_frontend/selected_cifs/XRDV3_0049/solution1_phase1_COD_1011361.cif,cb8121da7520c0bc2d3d7dfbe4091a71f7b3b531f901fe3338d0c74b5a39fe12
XRDV3_0049,1,2,COD,4507226,fig4/benchmark/results/atomly_core_v3/crystaltree_cod_frontend/selected_cifs/XRDV3_0049/solution1_phase2_COD_4507226.cif,ecc317b41fc8069eeebb0ed954440b81069104190864f20b904b4c7556c0fbb9
XRDV3_0050,1,1,COD,1514095,fig4/benchmark/results/atomly_core_v3/crystaltree_cod_frontend/selected_cifs/XRDV3_0050/solution1_phase1_COD_1514095.cif,ab003cf77739569c030ddc302c5666c507cf78f437854981019cc32796aa96b1
XRDV3_0050,1,2,COD,4001897,fig4/benchmark/results/atomly_core_v3/crystaltree_cod_frontend/selected_cifs/XRDV3_0050/solution1_phase2_COD_4001897.cif,f0c30b8e7db380e7e86bed75ae6fc76a20736c4e6943e85a48ce4668749bedb9
XRDV3_0050,1,3,COD,9011068,fig4/benchmark/results/atomly_core_v3/crystaltree_cod_frontend/selected_cifs/XRDV3_0050/solution1_phase3_COD_9011068.cif,5d1c5b0cbb66ffb76af87d59a3104a760253f652dcb97fe98438b254a4a386a0
XRDV3_0051,1,1,COD,2100086,fig4/benchmark/results/atomly_core_v3/crystaltree_cod_frontend/selected_cifs/XRDV3_0051/solution1_phase1_COD_2100086.cif,ae48bc215cc9f8e6094a7c1604b78a40bdc9a9e34a9043226cf7b9b48d6c17bf
XRDV3_0051,1,2,COD,2101007,fig4/benchmark/results/atomly_core_v3/crystaltree_cod_frontend/selected_cifs/XRDV3_0051/solution1_phase2_COD_2101007.cif,d5ba74d9a38f9daf15b8345c967ccc222d9ba4af6b2544f82cc95e32d5d72bbc
XRDV3_0051,1,3,COD,9010928,fig4/benchmark/results/atomly_core_v3/crystaltree_cod_frontend/selected_cifs/XRDV3_0051/solution1_phase3_COD_9010928.cif,4a40cc7240cf38bd397cc466ac396b1b69648899205aa9a49bc9048ce78718b6
XRDV3_0052,1,1,COD,8103640,fig4/benchmark/results/atomly_core_v3/crystaltree_cod_frontend/selected_cifs/XRDV3_0052/solution1_phase1_COD_8103640.cif,9f1ddba10cf6446a5aff29a9e74613340abd2b6f9a3451e0267ee1c7dcfb60de
XRDV3_0052,1,2,COD,1538898,fig4/benchmark/results/atomly_core_v3/crystaltree_cod_frontend/selected_cifs/XRDV3_0052/solution1_phase2_COD_1538898.cif,848dcbaa0d6a50b2da8f5b0eb27b13b2f7b8a5773810f77d4789e6ef29ab6930
XRDV3_0053,1,1,COD,1541153,fig4/benchmark/results/atomly_core_v3/crystaltree_cod_frontend/selected_cifs/XRDV3_0053/solution1_phase1_COD_1541153.cif,6720a5882b21607368aaa6e1bca404274c22cb29ed5588f3694d69f1b3a44db2
XRDV3_0053,1,2,COD,4343161,fig4/benchmark/results/atomly_core_v3/crystaltree_cod_frontend/selected_cifs/XRDV3_0053/solution1_phase2_COD_4343161.cif,3c315114e43a002ccf1bfca18c4d7c77150b7cdfacff4cea4e378680a3b377a8
XRDV3_0055,1,1,COD,5000115,fig4/benchmark/results/atomly_core_v3/crystaltree_cod_frontend/selected_cifs/XRDV3_0055/solution1_phase1_COD_5000115.cif,49efdc655fd99ab2b9a5c01c9f1bb01278da2758b099ebc18d2b296d7bcb7f60
XRDV3_0056,1,1,COD,9011000,fig4/benchmark/results/atomly_core_v3/crystaltree_cod_frontend/selected_cifs/XRDV3_0056/solution1_phase1_COD_9011000.cif,b9a5e4e562ecc6183f176e1355ea5a6147d52cf0f0d2b9dc946fa5a2d269b330
XRDV3_0056,1,2,COD,1011233,fig4/benchmark/results/atomly_core_v3/crystaltree_cod_frontend/selected_cifs/XRDV3_0056/solution1_phase2_COD_1011233.cif,545bbf8c326e3707b57af3606fc615ca0524d197af30a72e3b8c2a5428429bb0
XRDV3_0056,1,3,COD,5000115,fig4/benchmark/results/atomly_core_v3/crystaltree_cod_frontend/selected_cifs/XRDV3_0056/solution1_phase3_COD_5000115.cif,49efdc655fd99ab2b9a5c01c9f1bb01278da2758b099ebc18d2b296d7bcb7f60
XRDV3_0057,1,1,COD,4001281,fig4/benchmark/results/atomly_core_v3/crystaltree_cod_frontend/selected_cifs/XRDV3_0057/solution1_phase1_COD_4001281.cif,f04ccd12eb40d30411cb8cc9f2c7e1a9a5544fbd73dd914f9d9441fd85c9eb75
XRDV3_0057,1,2,COD,1513971,fig4/benchmark/results/atomly_core_v3/crystaltree_cod_frontend/selected_cifs/XRDV3_0057/solution1_phase2_COD_1513971.cif,d788b0820ca188d5a1d6780293a7b386bd52538e95350a93c5d96f5893e18e3c
XRDV3_0057,1,3,COD,2101845,fig4/benchmark/results/atomly_core_v3/crystaltree_cod_frontend/selected_cifs/XRDV3_0057/solution1_phase3_COD_2101845.cif,28d9fc68c38b5033989c0dd5628dfe352911ba88648096ff7cad6924812fa21f
XRDV3_0058,1,1,COD,1546027,fig4/benchmark/results/atomly_core_v3/crystaltree_cod_frontend/selected_cifs/XRDV3_0058/solution1_phase1_COD_1546027.cif,26ac8b007450c1a22d585834646b41f470720a0355a7064cc45e4e6ba49e644f
XRDV3_0059,1,1,COD,1001050,fig4/benchmark/results/atomly_core_v3/crystaltree_cod_frontend/selected_cifs/XRDV3_0059/solution1_phase1_COD_1001050.cif,14e4c9d27aa1d9eb6503b9e6e960b432e68d8a1c04f45f2f7b70e1302acdfd57
XRDV3_0059,1,2,COD,2300612,fig4/benchmark/results/atomly_core_v3/crystaltree_cod_frontend/selected_cifs/XRDV3_0059/solution1_phase2_COD_2300612.cif,e07b0144d58fa957a496e923261508935a80d3530edd7a62c9630c133cb9a83b
XRDV3_0059,1,3,COD,1527778,fig4/benchmark/results/atomly_core_v3/crystaltree_cod_frontend/selected_cifs/XRDV3_0059/solution1_phase3_COD_1527778.cif,a1586c59ba050577fb8366c4a6cd60cdb2b383c7a5b2660dd29f17d6929183e6
XRDV3_0060,1,1,COD,7229732,fig4/benchmark/results/atomly_core_v3/crystaltree_cod_frontend/selected_cifs/XRDV3_0060/solution1_phase1_COD_7229732.cif,f022f53cd017c765b677bb7c59915a4160c8ab5a3b017f4985b3ca1d1bea6a4e
XRDV3_0060,1,2,COD,2310812,fig4/benchmark/results/atomly_core_v3/crystaltree_cod_frontend/selected_cifs/XRDV3_0060/solution1_phase2_COD_2310812.cif,6f81c9231f466084aed1ab4131bfe8c13488ac16f7c5150680a982504862c63f
XRDV3_0061,1,1,COD,1000442,fig4/benchmark/results/atomly_core_v3/crystaltree_cod_frontend/selected_cifs/XRDV3_0061/solution1_phase1_COD_1000442.cif,6fd7b07826812d4707c37590a83aa7c91eb9f969a5bbaf05647900160c2b9491
XRDV3_0061,1,2,COD,9002111,fig4/benchmark/results/atomly_core_v3/crystaltree_cod_frontend/selected_cifs/XRDV3_0061/solution1_phase2_COD_9002111.cif,d7d63fd26223a1a9f2def9ea8b98402b5751c0eb679eb3237e65076390170fe3
XRDV3_0061,1,3,COD,9000499,fig4/benchmark/results/atomly_core_v3/crystaltree_cod_frontend/selected_cifs/XRDV3_0061/solution1_phase3_COD_9000499.cif,b30f3d25f3d3848d885cc7c9ec5a0a20be1da8f82fb9dd21ba283c2b48dcd45c
XRDV3_0062,1,1,COD,1000026,fig4/benchmark/results/atomly_core_v3/crystaltree_cod_frontend/selected_cifs/XRDV3_0062/solution1_phase1_COD_1000026.cif,d20b4fda8852571ad850b3176dc1ea2810a90282036bfcdba6d08d7a6207317b
XRDV3_0063,1,1,COD,9012434,fig4/benchmark/results/atomly_core_v3/crystaltree_cod_frontend/selected_cifs/XRDV3_0063/solution1_phase1_COD_9012434.cif,602987ced8c624966e9b14cf529396b3500fb74f24e261d9727cda8a63a620de
XRDV3_0064,1,1,COD,9012434,fig4/benchmark/results/atomly_core_v3/crystaltree_cod_frontend/selected_cifs/XRDV3_0064/solution1_phase1_COD_9012434.cif,602987ced8c624966e9b14cf529396b3500fb74f24e261d9727cda8a63a620de
XRDV3_0065,1,1,COD,1535657,fig4/benchmark/results/atomly_core_v3/crystaltree_cod_frontend/selected_cifs/XRDV3_0065/solution1_phase1_COD_1535657.cif,4696555029ce58ec46ba991f694b1d6e1fd76a157607fccffe3931aa1fc211ec
XRDV3_0065,1,2,COD,9012729,fig4/benchmark/results/atomly_core_v3/crystaltree_cod_frontend/selected_cifs/XRDV3_0065/solution1_phase2_COD_9012729.cif,85d29aeeebc4bc339928629baf4b11b504df08f718d367f159b16a9e6b711bda
XRDV3_0066,1,1,COD,2102550,fig4/benchmark/results/atomly_core_v3/crystaltree_cod_frontend/selected_cifs/XRDV3_0066/solution1_phase1_COD_2102550.cif,3deaf389f450666f9ef74d29590a6b0c18216907557a69ae1b4c377fcca03704
XRDV3_0067,1,1,COD,2310063,fig4/benchmark/results/atomly_core_v3/crystaltree_cod_frontend/selected_cifs/XRDV3_0067/solution1_phase1_COD_2310063.cif,87e18e552537af7e48b5e7e44123c925d4822e3ce6cfaef8c0f1b4cd776b78e8
XRDV3_0067,1,2,COD,9011672,fig4/benchmark/results/atomly_core_v3/crystaltree_cod_frontend/selected_cifs/XRDV3_0067/solution1_phase2_COD_9011672.cif,d6468cb60c5d8e3b125911a89dea599d6739b9d31be47081713d18df8a75f687
XRDV3_0067,1,3,COD,9011641,fig4/benchmark/results/atomly_core_v3/crystaltree_cod_frontend/selected_cifs/XRDV3_0067/solution1_phase3_COD_9011641.cif,ae19230d54ec68469296c21624cb92dc34545efdd3e74b7978ab1fc924928db4
XRDV3_0068,1,1,COD,1100043,fig4/benchmark/results/atomly_core_v3/crystaltree_cod_frontend/selected_cifs/XRDV3_0068/solution1_phase1_COD_1100043.cif,19a16180d8ee084a2ef1e2b3744f90209d7344a60137d4272b07b3189575f8d7
XRDV3_0069,1,1,COD,7229733,fig4/benchmark/results/atomly_core_v3/crystaltree_cod_frontend/selected_cifs/XRDV3_0069/solution1_phase1_COD_7229733.cif,e345dfda92ca7f40c5a57cf68400c1bb0b75ffdfc0755efe9a24225f04b77c33
XRDV3_0069,1,2,COD,7229732,fig4/benchmark/results/atomly_core_v3/crystaltree_cod_frontend/selected_cifs/XRDV3_0069/solution1_phase2_COD_7229732.cif,f022f53cd017c765b677bb7c59915a4160c8ab5a3b017f4985b3ca1d1bea6a4e
XRDV3_0069,1,3,COD,1100043,fig4/benchmark/results/atomly_core_v3/crystaltree_cod_frontend/selected_cifs/XRDV3_0069/solution1_phase3_COD_1100043.cif,19a16180d8ee084a2ef1e2b3744f90209d7344a60137d4272b07b3189575f8d7
XRDV3_0070,1,1,COD,9006172,fig4/benchmark/results/atomly_core_v3/crystaltree_cod_frontend/selected_cifs/XRDV3_0070/solution1_phase1_COD_9006172.cif,f57bab5cafa557dc600a09c23c86fcf930cd9780b09a8bf0b306d64d29c3f044
XRDV3_0071,1,1,COD,4343161,fig4/benchmark/results/atomly_core_v3/crystaltree_cod_frontend/selected_cifs/XRDV3_0071/solution1_phase1_COD_4343161.cif,3c315114e43a002ccf1bfca18c4d7c77150b7cdfacff4cea4e378680a3b377a8
XRDV3_0071,1,2,COD,9008491,fig4/benchmark/results/atomly_core_v3/crystaltree_cod_frontend/selected_cifs/XRDV3_0071/solution1_phase2_COD_9008491.cif,ba4b2430b5e439e006804a1a4ebb5472ba00cabdc4d64b7239db040d437d569a
XRDV3_0072,1,1,COD,3000328,fig4/benchmark/results/atomly_core_v3/crystaltree_cod_frontend/selected_cifs/XRDV3_0072/solution1_phase1_COD_3000328.cif,32a7319f0130dab9a021bd36d1fa9dd6efd49ed8b8127fb6770fb9ce2f766471
XRDV3_0072,1,2,COD,9002332,fig4/benchmark/results/atomly_core_v3/crystaltree_cod_frontend/selected_cifs/XRDV3_0072/solution1_phase2_COD_9002332.cif,e08f1b9316b9c1f24138e45b0bc31a84afe12e485897bf7bf64e27839bf77ab7
XRDV3_0072,1,3,COD,1011165,fig4/benchmark/results/atomly_core_v3/crystaltree_cod_frontend/selected_cifs/XRDV3_0072/solution1_phase3_COD_1011165.cif,45a038e592f906de14301e6a9ce3401580f3152b50a88fb14a9b99aaac2ee568
XRDV3_0073,1,1,COD,1528874,fig4/benchmark/results/atomly_core_v3/crystaltree_cod_frontend/selected_cifs/XRDV3_0073/solution1_phase1_COD_1528874.cif,82e816d10dd651898761ba28cf430de680600f4aa2e9597909fc7897b8bf85b6
XRDV3_0074,1,1,COD,8103640,fig4/benchmark/results/atomly_core_v3/crystaltree_cod_frontend/selected_cifs/XRDV3_0074/solution1_phase1_COD_8103640.cif,9f1ddba10cf6446a5aff29a9e74613340abd2b6f9a3451e0267ee1c7dcfb60de
XRDV3_0074,1,2,COD,2310706,fig4/benchmark/results/atomly_core_v3/crystaltree_cod_frontend/selected_cifs/XRDV3_0074/solution1_phase2_COD_2310706.cif,dad23294bcc3b09bbd710c509d5c4a9cffd977ad0774e495e2cfe43805da0aa5
XRDV3_0074,1,3,COD,1539039,fig4/benchmark/results/atomly_core_v3/crystaltree_cod_frontend/selected_cifs/XRDV3_0074/solution1_phase3_COD_1539039.cif,f21806d0f549453c2d8ba945d6aa833d2d19928a460eb2d0bb51e594ffdaf5c9
XRDV3_0075,1,1,COD,2311706,fig4/benchmark/results/atomly_core_v3/crystaltree_cod_frontend/selected_cifs/XRDV3_0075/solution1_phase1_COD_2311706.cif,aca228ae4b4664e0d99fc31596fb1ad60dafbc574d8c1375125841187acd266c
XRDV3_0076,1,1,COD,1100033,fig4/benchmark/results/atomly_core_v3/crystaltree_cod_frontend/selected_cifs/XRDV3_0076/solution1_phase1_COD_1100033.cif,967853938215b468300f3ae65d998e617a0f2fe1fb5de7aa38b7d4637682d48f
XRDV3_0076,1,2,COD,1534878,fig4/benchmark/results/atomly_core_v3/crystaltree_cod_frontend/selected_cifs/XRDV3_0076/solution1_phase2_COD_1534878.cif,9a73afad4fe1e4e7b95e55365f9bc01a9d8ffb4eb7c088b53987a0ded1106ea5
XRDV3_0077,1,1,COD,2102244,fig4/benchmark/results/atomly_core_v3/crystaltree_cod_frontend/selected_cifs/XRDV3_0077/solution1_phase1_COD_2102244.cif,015e94bd657e199e85cab00b53eb4d36679ca22972e03e0cbf14decd3f687b05
XRDV3_0078,1,1,COD,2300354,fig4/benchmark/results/atomly_core_v3/crystaltree_cod_frontend/selected_cifs/XRDV3_0078/solution1_phase1_COD_2300354.cif,6b703d8ba9e6bc53824ae6278d362d821a879d389a9a962bd614a5c1b59f216c
XRDV3_0078,1,2,COD,9004883,fig4/benchmark/results/atomly_core_v3/crystaltree_cod_frontend/selected_cifs/XRDV3_0078/solution1_phase2_COD_9004883.cif,a2f62a3c0176fabef06ac6e09828ce953673048dc4da9089312b52f021fdea8a
XRDV3_0079,1,1,COD,1011031,fig4/benchmark/results/atomly_core_v3/crystaltree_cod_frontend/selected_cifs/XRDV3_0079/solution1_phase1_COD_1011031.cif,26fde2830de8b5f0a753f145028fdf7b4f227e42938e86f1f0cd5d033f396f2c
XRDV3_0080,1,1,COD,1011361,fig4/benchmark/results/atomly_core_v3/crystaltree_cod_frontend/selected_cifs/XRDV3_0080/solution1_phase1_COD_1011361.cif,cb8121da7520c0bc2d3d7dfbe4091a71f7b3b531f901fe3338d0c74b5a39fe12
XRDV3_0081,1,1,COD,9005017,fig4/benchmark/results/atomly_core_v3/crystaltree_cod_frontend/selected_cifs/XRDV3_0081/solution1_phase1_COD_9005017.cif,9b7bbf52fe0fded18fa30f4d241e0622056c71218c469bdb83e95a96413a0c9d
XRDV3_0081,1,2,COD,1523794,fig4/benchmark/results/atomly_core_v3/crystaltree_cod_frontend/selected_cifs/XRDV3_0081/solution1_phase2_COD_1523794.cif,d1c6ebf699c53d4b9ce9a9fd7653753cf61f28307fd4f7ef2c987627dc0eb215
XRDV3_0081,1,3,COD,9006656,fig4/benchmark/results/atomly_core_v3/crystaltree_cod_frontend/selected_cifs/XRDV3_0081/solution1_phase3_COD_9006656.cif,4258722e16c72767213b5eca58793a59a2920df84d27d65a03c13d0ab388d152
XRDV3_0082,1,1,COD,5910053,fig4/benchmark/results/atomly_core_v3/crystaltree_cod_frontend/selected_cifs/XRDV3_0082/solution1_phase1_COD_5910053.cif,0ed4a56f65c61212b1ca661f2032e83ea4dace9420c695565724187a7c332311
XRDV3_0083,1,1,COD,1100043,fig4/benchmark/results/atomly_core_v3/crystaltree_cod_frontend/selected_cifs/XRDV3_0083/solution1_phase1_COD_1100043.cif,19a16180d8ee084a2ef1e2b3744f90209d7344a60137d4272b07b3189575f8d7
XRDV3_0083,1,2,COD,2310812,fig4/benchmark/results/atomly_core_v3/crystaltree_cod_frontend/selected_cifs/XRDV3_0083/solution1_phase2_COD_2310812.cif,6f81c9231f466084aed1ab4131bfe8c13488ac16f7c5150680a982504862c63f
XRDV3_0084,1,1,COD,4001897,fig4/benchmark/results/atomly_core_v3/crystaltree_cod_frontend/selected_cifs/XRDV3_0084/solution1_phase1_COD_4001897.cif,f0c30b8e7db380e7e86bed75ae6fc76a20736c4e6943e85a48ce4668749bedb9
XRDV3_0084,1,2,COD,4001903,fig4/benchmark/results/atomly_core_v3/crystaltree_cod_frontend/selected_cifs/XRDV3_0084/solution1_phase2_COD_4001903.cif,06232140894dfc19e63608352f11a80d852700087e0c6844f131d3678b83379f
XRDV3_0084,1,3,COD,1541154,fig4/benchmark/results/atomly_core_v3/crystaltree_cod_frontend/selected_cifs/XRDV3_0084/solution1_phase3_COD_1541154.cif,8045aa8d013b2ad32203cc03fba82704121e78b7757f68a385072668f0b53dcc
XRDV3_0085,1,1,COD,1528912,fig4/benchmark/results/atomly_core_v3/crystaltree_cod_frontend/selected_cifs/XRDV3_0085/solution1_phase1_COD_1528912.cif,74952054ba60def0598b240e04081eecc5879d1b6fcc37bcf0bb67ba24128fc8
XRDV3_0085,1,2,COD,5910031,fig4/benchmark/results/atomly_core_v3/crystaltree_cod_frontend/selected_cifs/XRDV3_0085/solution1_phase2_COD_5910031.cif,df3c27a82cbfc962ea60edffbfa747adbee7ba7a9e88584ec98598043fab7111
XRDV3_0086,1,1,COD,1534043,fig4/benchmark/results/atomly_core_v3/crystaltree_cod_frontend/selected_cifs/XRDV3_0086/solution1_phase1_COD_1534043.cif,2c97889200fd2e8f80eea9abacd13842be14895ec6abb192af13e80ba853bf53
XRDV3_0086,1,2,COD,1010265,fig4/benchmark/results/atomly_core_v3/crystaltree_cod_frontend/selected_cifs/XRDV3_0086/solution1_phase2_COD_1010265.cif,4bc01901d9c1232572fd68d025a148590101761ff8f426cb64fa83bf451f3cda
XRDV3_0086,1,3,COD,4507226,fig4/benchmark/results/atomly_core_v3/crystaltree_cod_frontend/selected_cifs/XRDV3_0086/solution1_phase3_COD_4507226.cif,ecc317b41fc8069eeebb0ed954440b81069104190864f20b904b4c7556c0fbb9
XRDV3_0087,1,1,COD,9012955,fig4/benchmark/results/atomly_core_v3/crystaltree_cod_frontend/selected_cifs/XRDV3_0087/solution1_phase1_COD_9012955.cif,ba2ab5a0c235a661c63601f2a5c5b6367267e3b900f656e802ea8588ed13a9b2
XRDV3_0087,1,2,COD,9008802,fig4/benchmark/results/atomly_core_v3/crystaltree_cod_frontend/selected_cifs/XRDV3_0087/solution1_phase2_COD_9008802.cif,2eb47ce9053437468306805a37494670799584aaca4ae195367ab6cf29989b97
XRDV3_0088,1,1,COD,9008536,fig4/benchmark/results/atomly_core_v3/crystaltree_cod_frontend/selected_cifs/XRDV3_0088/solution1_phase1_COD_9008536.cif,98ef54668b23ac7a960ee1775794719a54cc5bb3f41f43bb05427d63921d0dc6
XRDV3_0088,1,2,COD,5000217,fig4/benchmark/results/atomly_core_v3/crystaltree_cod_frontend/selected_cifs/XRDV3_0088/solution1_phase2_COD_5000217.cif,b06a711f6143509f9ebf24e1c8f4bbb68218d13df74c799de850b9cfb9fbe351
XRDV3_0089,1,1,COD,1541153,fig4/benchmark/results/atomly_core_v3/crystaltree_cod_frontend/selected_cifs/XRDV3_0089/solution1_phase1_COD_1541153.cif,6720a5882b21607368aaa6e1bca404274c22cb29ed5588f3694d69f1b3a44db2
XRDV3_0089,1,2,COD,1541155,fig4/benchmark/results/atomly_core_v3/crystaltree_cod_frontend/selected_cifs/XRDV3_0089/solution1_phase2_COD_1541155.cif,a26d7266b336055330c903b68939781407263e65d2e51f9382a1e10e54a05a46
XRDV3_0089,1,3,COD,1523523,fig4/benchmark/results/atomly_core_v3/crystaltree_cod_frontend/selected_cifs/XRDV3_0089/solution1_phase3_COD_1523523.cif,790b8e2a28ea2c530d06b64f7ff9d0efcb05ffb3e28246f79954ffc58224ecd6
XRDV3_0090,1,1,COD,1531052,fig4/benchmark/results/atomly_core_v3/crystaltree_cod_frontend/selected_cifs/XRDV3_0090/solution1_phase1_COD_1531052.cif,587d75cb8a721e170e975915acceb9ac6a9f631c6349f9eef8fcb64bd3e03634
XRDV3_0090,1,2,COD,2106064,fig4/benchmark/results/atomly_core_v3/crystaltree_cod_frontend/selected_cifs/XRDV3_0090/solution1_phase2_COD_2106064.cif,897c3d52900a982614443ab247bfffa2615b0d1f33705574bccc98a622e6ef51
XRDV3_0091,1,1,COD,1528446,fig4/benchmark/results/atomly_core_v3/crystaltree_cod_frontend/selected_cifs/XRDV3_0091/solution1_phase1_COD_1528446.cif,13186a857cb5d32420a4564877e3e051145f7aed8e31900c7b6be2254f4e3f6b
XRDV3_0091,1,2,COD,5910031,fig4/benchmark/results/atomly_core_v3/crystaltree_cod_frontend/selected_cifs/XRDV3_0091/solution1_phase2_COD_5910031.cif,df3c27a82cbfc962ea60edffbfa747adbee7ba7a9e88584ec98598043fab7111
XRDV3_0091,1,3,COD,1522026,fig4/benchmark/results/atomly_core_v3/crystaltree_cod_frontend/selected_cifs/XRDV3_0091/solution1_phase3_COD_1522026.cif,d8508d5fc1b90a8c5c25e41322951f7ced77e86ec4350b8536be5622e654745b
XRDV3_0092,1,1,COD,2300616,fig4/benchmark/results/atomly_core_v3/crystaltree_cod_frontend/selected_cifs/XRDV3_0092/solution1_phase1_COD_2300616.cif,14011048f476f2a1f325accc7226a405bad5a95630a0237d493a2796de5a35cf
XRDV3_0092,1,2,COD,2300612,fig4/benchmark/results/atomly_core_v3/crystaltree_cod_frontend/selected_cifs/XRDV3_0092/solution1_phase2_COD_2300612.cif,e07b0144d58fa957a496e923261508935a80d3530edd7a62c9630c133cb9a83b
XRDV3_0092,1,3,COD,9006656,fig4/benchmark/results/atomly_core_v3/crystaltree_cod_frontend/selected_cifs/XRDV3_0092/solution1_phase3_COD_9006656.cif,4258722e16c72767213b5eca58793a59a2920df84d27d65a03c13d0ab388d152
XRDV3_0093,1,1,COD,1011361,fig4/benchmark/results/atomly_core_v3/crystaltree_cod_frontend/selected_cifs/XRDV3_0093/solution1_phase1_COD_1011361.cif,cb8121da7520c0bc2d3d7dfbe4091a71f7b3b531f901fe3338d0c74b5a39fe12
XRDV3_0093,1,2,COD,1010514,fig4/benchmark/results/atomly_core_v3/crystaltree_cod_frontend/selected_cifs/XRDV3_0093/solution1_phase2_COD_1010514.cif,49e37a7332e647f91eeacf2359b26304549837dc5e4b95647e5a44c21ea37a43
XRDV3_0094,1,1,COD,1509071,fig4/benchmark/results/atomly_core_v3/crystaltree_cod_frontend/selected_cifs/XRDV3_0094/solution1_phase1_COD_1509071.cif,ecf1cb3ed4358090935f0063cf91bda8a469581660492585e9345532e0c9a5ee
XRDV3_0094,1,2,COD,1512500,fig4/benchmark/results/atomly_core_v3/crystaltree_cod_frontend/selected_cifs/XRDV3_0094/solution1_phase2_COD_1512500.cif,eed0246928bc82eac501cae329141349b507a2499f6fb31db0f754f41af0c979
XRDV3_0094,1,3,COD,9011678,fig4/benchmark/results/atomly_core_v3/crystaltree_cod_frontend/selected_cifs/XRDV3_0094/solution1_phase3_COD_9011678.cif,2607e5e84fe67f4ce710c884ab6338cea311c97f9457e6b19a88815b35464e95
XRDV3_0095,1,1,COD,1562921,fig4/benchmark/results/atomly_core_v3/crystaltree_cod_frontend/selected_cifs/XRDV3_0095/solution1_phase1_COD_1562921.cif,e68a9be35a78eee13a11d208592ab8dd646530c8691dfef84dd66d6b41411ccb
XRDV3_0096,1,1,COD,1527921,fig4/benchmark/results/atomly_core_v3/crystaltree_cod_frontend/selected_cifs/XRDV3_0096/solution1_phase1_COD_1527921.cif,b95f3c92ed459be65da979276a5b48a1b876b8f413b4d7c13b67f98eacdcb42f
XRDV3_0096,1,2,COD,1010978,fig4/benchmark/results/atomly_core_v3/crystaltree_cod_frontend/selected_cifs/XRDV3_0096/solution1_phase2_COD_1010978.cif,e78f9ce702bb77af9cad07a7848adc9b204e9ee455d4b71f533a31613fc2fc7b
XRDV3_0096,1,3,COD,1521321,fig4/benchmark/results/atomly_core_v3/crystaltree_cod_frontend/selected_cifs/XRDV3_0096/solution1_phase3_COD_1521321.cif,8a2bb9e1ee1494845cc64f3c806073e7266bd108200bd67809e2bb214cf6b254
XRDV3_0097,1,1,COD,2310588,fig4/benchmark/results/atomly_core_v3/crystaltree_cod_frontend/selected_cifs/XRDV3_0097/solution1_phase1_COD_2310588.cif,2c41a36575bfd972a50176518d1d52780963a52ee4b992104843afb8e1224670
XRDV3_0097,1,2,COD,9012919,fig4/benchmark/results/atomly_core_v3/crystaltree_cod_frontend/selected_cifs/XRDV3_0097/solution1_phase2_COD_9012919.cif,0c49fa5457d49d64ca8cc93b9dc8783de80bb6fbc9fdc9b15e710c728f226e09
XRDV3_0097,1,3,COD,1562921,fig4/benchmark/results/atomly_core_v3/crystaltree_cod_frontend/selected_cifs/XRDV3_0097/solution1_phase3_COD_1562921.cif,e68a9be35a78eee13a11d208592ab8dd646530c8691dfef84dd66d6b41411ccb
XRDV3_0098,1,1,COD,5900027,fig4/benchmark/results/atomly_core_v3/crystaltree_cod_frontend/selected_cifs/XRDV3_0098/solution1_phase1_COD_5900027.cif,d8739b533a280485ccb090f19c6c9a125c2ccc16be21dbf6a02f07a7fa25fb38
XRDV3_0098,1,2,COD,9011672,fig4/benchmark/results/atomly_core_v3/crystaltree_cod_frontend/selected_cifs/XRDV3_0098/solution1_phase2_COD_9011672.cif,d6468cb60c5d8e3b125911a89dea599d6739b9d31be47081713d18df8a75f687
XRDV3_0099,1,1,COD,9005017,fig4/benchmark/results/atomly_core_v3/crystaltree_cod_frontend/selected_cifs/XRDV3_0099/solution1_phase1_COD_9005017.cif,9b7bbf52fe0fded18fa30f4d241e0622056c71218c469bdb83e95a96413a0c9d
XRDV3_0099,1,2,COD,1523794,fig4/benchmark/results/atomly_core_v3/crystaltree_cod_frontend/selected_cifs/XRDV3_0099/solution1_phase2_COD_1523794.cif,d1c6ebf699c53d4b9ce9a9fd7653753cf61f28307fd4f7ef2c987627dc0eb215
